{"AKBNK": [39.068401706584474, 39.071589913837784, 39.071589913837784, 39.0616569752319, 39.044591232661006, 39.044591232661006, 39.040481299337316, 39.040481299337316, 39.041363746051466, 39.18684269994248], "ARCLK": [125.59429530648907, 125.53998961553592, 125.58217261445941, 125.58217261445941, 125.55042226449768, 125.4916621590242, 125.42650740330059, 125.42650740330059, 125.59119094049797, 125.86731127626052], "ASELS": [45.55254175140867, 45.535584750356826, 45.535584750356826, 45.53614153971349, 45.53659599404565, 45.53659599404565, 45.53659599404565, 45.53659599404565, 45.53659599404565, 45.56576125385404], "BIMAS": [309.4547936344019, 309.2978258688476, 309.5794144152262, 309.5096042117317, 309.4133490186936, 309.661356971231, 309.63217198516236, 309.661356971231, 309.6885968168495, 309.8632339351501], "DOHOL": [10.995567689258623, 10.991501814760573, 10.990220050784322, 10.991970375146504, 10.991970375146504, 10.991970375146504, 10.991490565862707, 10.984265279331481, 10.919013418227049, 11.035662070683928], "EKGYO": [7.082966503810229, 7.080888222407149, 7.079814255749426, 7.082112351644221, 7.082112351644221, 7.082112351644221, 7.082112351644221, 7.080162666643891, 7.081946255346964, 7.096113305920021], "EREGL": [41.950385511729266, 41.94390746336199, 41.94390746336199, 41.94390746336199, 41.92825998541235, 41.965806715148794, 41.94816743882249, 41.98099630663051, 42.00111864014113, 42.05817403415159], "FROTO": [745.1474192609063, 747.1806111873201, 746.7256831307807, 746.6421397835533, 746.702863655206, 746.743939122013, 746.9266464731804, 746.822292208905, 746.6730454245902, 747.8276622445403], "GARAN": [60.31435097672524, 60.321697366478574, 60.321697366478574, 60.321697366478574, 60.3079778036296, 60.3079778036296, 60.27503571000653, 60.227884458840165, 60.257430428504705, 60.362219331459215], "GUBRF": [212.7142855419842, 212.66378323047945, 212.6249852775566, 212.6349224562, 212.56806708806937, 212.62826964041687, 212.58110446328493, 212.65249887766052, 212.7213958428843, 213.01529713190706], "HALKB": [12.178255103725766, 12.182078905104404, 12.182078905104404, 12.182078905104404, 12.176840487100035, 12.176840487100035, 12.17467283618293, 12.159878668702445, 12.161752970230024, 12.196168178244935], "ISCTR": [23.852200679388073, 23.776235380294235, 23.76893570851006, 23.771537547533057, 23.761154700762965, 23.768807606926515, 23.76386526891686, 23.768807606926515, 23.773171351215474, 23.842920571149694], "KCHOL": [139.95624325472008, 139.99432938098477, 140.00252556361295, 140.00252556361295, 140.00252556361295, 140.00884830163363, 139.99307928268567, 139.99307928268567, 139.9819384312135, 140.2296550874924], "KOZAA": [42.00394520032261, 42.1721881480627, 42.1721881480627, 42.1721881480627, 42.17335350101489, 42.1792643325311, 42.1594285874416, 42.16910453336834, 42.19210866593698, 42.37517704088098], "KOZAL": [20.162138849073123, 20.157512434700994, 20.165098728079975, 20.149945790570424, 20.154912880793695, 20.154999002942166, 20.154999002942166, 20.185065152242764, 20.168755561142238, 20.233574593723702], "KRDMD": [23.309867218236374, 23.296015161995324, 23.303592737199356, 23.303592737199356, 23.288311819223313, 23.28245938920065, 23.28245938920065, 23.27511247648773, 23.268636063861575, 23.32455306029759], "PETKM": [18.160926452352804, 18.13632068461722, 18.13632068461722, 18.123569311005777, 18.118454429986606, 18.126476402955948, 18.118454429986606, 18.126447607656345, 18.126447607656345, 18.164574501047596], "PGSUS": [664.9405392039271, 666.2579865400929, 666.0868474204713, 666.177018782964, 665.8226484834003, 666.0985947855296, 666.0985947855296, 666.3709732984038, 666.3403058982977, 667.6774292825198], "SAHOL": [63.51858113796317, 63.4396664598348, 63.45665377101028, 63.47050699162623, 63.47050699162623, 63.42911599712629, 63.40124416037696, 63.43159623614264, 63.436583909315324, 63.55745358946265], "SASA": [38.4140886867156, 38.51044157051186, 38.53898817906771, 38.53586864722753, 38.52006934154065, 38.52006934154065, 38.52539659622079, 38.54510760418885, 38.552130408877346, 38.7220119146228], "SISE": [46.453548618661706, 46.30609895195451, 46.324735575364805, 46.32565645935521, 46.32565645935521, 46.3273409843746, 46.33435871966636, 46.33435871966636, 46.34306159886201, 46.476528820306505], "TAVHL": [108.53537577323098, 108.3926266930784, 108.42191266951102, 108.39749375677157, 108.33630187984258, 108.31894288716103, 108.36539524613165, 108.31152475201525, 108.37870296474443, 108.54016401433108], "TCELL": [54.987035794152945, 55.016706620282626, 55.03307351345696, 54.995250074756434, 55.00854512854659, 55.03559603536103, 55.00601617309802, 55.00601617309802, 55.02832337353544, 55.04749733960651], "THYAO": [233.0247811068294, 232.97780182777663, 232.97780182777663, 232.99203997043105, 233.0561634388573, 233.11238658900058, 233.05274461842353, 233.05274461842353, 233.01406991836524, 233.1792234724347], "TKFEN": [36.66662319878137, 36.697932901274214, 36.697932901274214, 36.70412289428229, 36.70416073245851, 36.705721230170006, 36.70751515253308, 36.69673162551934, 36.6860417379741, 36.696737283802705], "TTKOM": [25.07814262806551, 24.992141767431946, 24.992394605028256, 24.991402685001056, 24.99855916665223, 25.012521410821616, 25.001378705396938, 25.023624515851854, 25.03464192012114, 25.080831270969906], "TUPRS": [144.76322131755384, 144.74041900260514, 144.71971458231522, 144.75720244890417, 144.76827290000512, 144.763657342525, 144.763657342525, 144.7356811234948, 144.72992521047493, 145.16977395627885], "VAKBN": [13.505287141910069, 13.465079135052703, 13.465079135052703, 13.465079135052703, 13.463686411063271, 13.458846049941224, 13.458846049941224, 13.461869586174673, 13.459812240428226, 13.477723457594436], "VESTL": [45.96374819036254, 46.037062873185754, 46.037062873185754, 46.04270402188066, 46.04867867130109, 46.051481116008475, 46.03962448796545, 46.05437869032409, 46.06546773466862, 46.160506857730084], "YKBNK": [20.436268584545523, 20.43582515825863, 20.43582515825863, 20.44035862816254, 20.431584752948684, 20.433748143329183, 20.431584752948684, 20.43160613772866, 20.434817049193967, 20.496971702102336]}