{"AKBNK": [38.046837441726254, 38.02683366889964, 38.010541520460144, 38.0108207648986, 37.985326716587466, 37.9798952343218, 37.9798952343218, 37.9798952343218, 37.97904360296823, 38.055405460350556], "ARCLK": [124.851578530791, 125.03992459140143, 125.06746280890152, 125.01635232670263, 125.10672406367193, 125.13273551301457, 125.10672406367193, 125.10672406367193, 125.11351317909555, 125.284386945779], "ASELS": [44.13482900020883, 44.11666846645467, 44.11666846645467, 44.11623248113907, 44.11623248113907, 44.11623248113907, 44.11623248113907, 44.11623722222151, 44.11623722222151, 44.143347985774014], "BIMAS": [300.5858600165788, 300.4135519211613, 300.70219671180763, 300.6525169629728, 300.67595560705735, 300.91006985037814, 300.9204117926453, 301.0222381255081, 300.96873380210536, 301.17679686485764], "DOHOL": [10.48904028982826, 10.447751300521986, 10.447751300521986, 10.450688755983156, 10.448547336482516, 10.448547336482516, 10.448547336482516, 10.44854637051664, 10.446371185550188, 10.488661003473752], "EKGYO": [6.913854740191133, 6.9016214063060195, 6.9007452138694285, 6.898778460146043, 6.90123577020167, 6.90123577020167, 6.90123577020167, 6.903418573236853, 6.902947028176147, 6.923908680195997], "EREGL": [40.573857046646566, 40.557001849384726, 40.576553174162754, 40.576553174162754, 40.58376952728392, 40.58376952728392, 40.5831632663672, 40.58370349475321, 40.58411419395073, 40.69005066691316], "FROTO": [727.0083000915389, 726.384688583728, 727.0108421193463, 727.1344890190304, 726.7096957327125, 726.7824824157453, 726.7824824157453, 726.7592550041749, 726.6737122924199, 728.6149358162195], "GARAN": [57.713534026657136, 57.73200383173852, 57.72131948951501, 57.72131948951501, 57.705540563308766, 57.72343768736594, 57.719696691775674, 57.699538096339666, 57.73280424988941, 57.85179276280485], "GUBRF": [191.37883998942172, 191.5565463157, 191.58328507553625, 191.58328507553625, 191.59292052131784, 191.59292052131784, 191.59292052131784, 191.53805884337518, 191.58736351494844, 191.64316722230168], "HALKB": [11.638870955598096, 11.642325522037103, 11.640644000719963, 11.640644000719963, 11.64011281991952, 11.638431298602379, 11.639286934525648, 11.63862781435713, 11.640886732441365, 11.689747540275306], "ISCTR": [22.61999833622584, 22.60206481388125, 22.597348692479517, 22.597348692479517, 22.595615458362158, 22.602745502094752, 22.60968907598915, 22.607066912523393, 22.607066912523393, 22.66308478484547], "KCHOL": [136.66621451962482, 136.80429887538685, 136.74806561917748, 136.74806561917748, 136.68710699790284, 136.7346107707102, 136.7115713718265, 136.70568241053334, 136.68264301164962, 136.6863707103145], "KOZAA": [39.03273446898685, 39.140663190047725, 39.147294382694575, 39.147294382694575, 39.146994284233735, 39.126886197391215, 39.12589355544474, 39.10943963741363, 39.14067006913307, 39.226867811213616], "KOZAL": [19.069925593442342, 19.04830418276102, 19.049513507971227, 19.04946551473105, 19.039905137779684, 19.039905137779684, 19.039905137779684, 19.032842570683894, 19.033740873826495, 19.100083753107693], "KRDMD": [22.433364636803994, 22.43156311987298, 22.43156311987298, 22.40940394777841, 22.43156311987298, 22.4047560643085, 22.404709380067217, 22.405295650473562, 22.40169672306226, 22.45604087579716], "PETKM": [17.39100860789729, 17.36877442737253, 17.36877442737253, 17.361671167402005, 17.361048591546023, 17.359515166241245, 17.359515166241245, 17.37232344687552, 17.363178927684395, 17.43850061586749], "PGSUS": [645.4049084920001, 645.3283758915085, 645.306386841496, 645.3692317614195, 645.0498741468854, 644.7973987100809, 644.7973987100809, 644.8193877600936, 644.9679128602563, 645.8225223921919], "SAHOL": [60.75848608159851, 60.53048896948912, 60.51745727528432, 60.506120738092115, 60.506120738092115, 60.455851401287674, 60.45648364537381, 60.45648364537381, 60.45648364537381, 60.668445347254405], "SASA": [37.475724514733486, 37.485211372431976, 37.485211372431976, 37.485211372431976, 37.500257999996386, 37.500257999996386, 37.500257999996386, 37.48857595813466, 37.54176885332376, 37.68622219153526], "SISE": [45.48868017770866, 45.44677530554514, 45.45755660861837, 45.44709257915646, 45.45787388222969, 45.46186532594292, 45.462046709700395, 45.449896436598486, 45.45571753938128, 45.55745368745985], "TAVHL": [104.49040749405954, 104.40676544541768, 104.40676544541768, 104.40676544541768, 104.40249060406765, 104.40249060406765, 104.40317230112102, 104.36488148272166, 104.36837002534524, 104.54021851804106], "TCELL": [52.86430536084418, 52.87563809570614, 52.912014737344464, 52.92703587896207, 52.89251736147751, 52.90919539348291, 52.90919539348291, 52.90919539348291, 52.908212378696795, 52.931701655063065], "THYAO": [226.98025923152818, 226.46965952528805, 226.4857385183867, 226.4857385183867, 226.43658419263696, 226.4450440543656, 226.49192481612448, 226.52844126043618, 226.47155272522647, 226.83183152297033], "TKFEN": [34.18233521026772, 34.218550572423055, 34.22448652758057, 34.22422286414365, 34.22422286414365, 34.224132899347374, 34.21819694418986, 34.221439529894, 34.23593233716023, 34.28197066716458], "TTKOM": [24.446218186991338, 24.38518478473476, 24.364902697726617, 24.364954727610513, 24.358238674197985, 24.355868995267542, 24.347913800859544, 24.332055710941205, 24.344088605409322, 24.385783458153064], "TUPRS": [138.73340629075653, 138.8920283503518, 138.96903505344528, 138.96903505344528, 138.96903505344528, 139.0080718669241, 139.01210338831712, 138.9359257509585, 138.9359257509585, 139.42594072902057], "VAKBN": [12.657828607479967, 12.637497500774574, 12.637497500774574, 12.637497500774574, 12.632950393211377, 12.633201193123446, 12.633201193123446, 12.622726855391582, 12.623904565176133, 12.652560516261282], "VESTL": [43.96778533709688, 43.93591113877583, 43.93591113877583, 43.93690915122593, 43.92592033017257, 43.94138869182196, 43.947231847432946, 43.92851007403985, 43.90236859123964, 44.00133422169303], "YKBNK": [20.055393004131965, 20.046438515498995, 20.039277110146088, 20.039277110146088, 20.034042573471016, 20.034042573471016, 20.03749983656379, 20.037795069133885, 20.03464709778042, 20.094522490067238]}