{"AKBNK": [35.83860628914104, 35.88795177861368, 35.88795177861368, 35.88795177861368, 35.891551437310454, 35.891551437310454, 35.90308670598116, 35.90308670598116, 35.897039918400495, 35.957638063944806], "ARCLK": [124.06193166786261, 123.85129631895867, 123.8625082125854, 123.8625082125854, 123.84108277524655, 123.80931847870121, 123.81068873092573, 123.81068873092573, 123.81850184008685, 123.92547544096058], "ASELS": [42.948481827471525, 42.98342767053347, 42.98342767053347, 42.98342767053347, 42.98342767053347, 42.96121498361936, 42.9587626364796, 42.945382592869905, 42.945382592869905, 43.00424138584892], "BIMAS": [305.8451730570693, 305.84268925295146, 306.11308317680374, 306.0859483653654, 306.0859483653654, 306.1659530444513, 306.0408249724975, 306.03683360932723, 306.03683360932723, 306.148071725319], "DOHOL": [10.710222320078387, 10.710459238019434, 10.710459238019434, 10.710459238019434, 10.71046063279196, 10.71046063279196, 10.71046063279196, 10.71046063279196, 10.707399173280098, 10.724384361955654], "EKGYO": [6.7487631536617245, 6.747525258907316, 6.747525258907316, 6.747525258907316, 6.747525258907316, 6.747525258907316, 6.747525258907316, 6.746007464285809, 6.746020428936925, 6.755292107219618], "EREGL": [41.12068845137168, 41.02921427635366, 41.034208673366734, 41.034208673366734, 41.02423793540297, 41.02423793540297, 41.021559274164495, 41.01976647273439, 41.023634966279886, 41.073990180881175], "FROTO": [731.399098071311, 731.6104392450953, 731.6134269263277, 732.1993530071869, 732.2992607869107, 732.307659817852, 731.8048633662588, 731.8048633662588, 732.200118656266, 733.0773180503008], "GARAN": [55.66946002062665, 55.723177297868496, 55.723177297868496, 55.723177297868496, 55.680854061131974, 55.67591847219893, 55.65090051102583, 55.64114575526143, 55.63747161221714, 55.77862494493809], "GUBRF": [155.41192175244768, 155.04234433610623, 155.0095844989095, 155.137773045293, 155.06670596904226, 155.08690161444193, 155.0595953224174, 155.12816484713338, 155.0982477380901, 155.121176938068], "HALKB": [11.64146127905895, 11.641567711344383, 11.641567711344383, 11.63975498423249, 11.640933971158162, 11.640933971158162, 11.640933971158162, 11.636245560072894, 11.637800417574645, 11.66182064180792], "ISCTR": [22.322521843909055, 22.3130275846919, 22.3130275846919, 22.312845472438557, 22.29386616029721, 22.29583083444395, 22.298627156188523, 22.26279575819964, 22.290488903283023, 22.380358548002917], "KCHOL": [135.83391302039115, 135.75086348647275, 135.77853874636938, 135.84838741252656, 135.84838741252656, 135.83590264237426, 135.78143225038346, 135.78143225038346, 135.77359810850768, 135.88513431346828], "KOZAA": [40.51279360636415, 40.54978500255938, 40.542170576933735, 40.56175872896101, 40.5591778750917, 40.5591778750917, 40.5591778750917, 40.556859974814024, 40.648639716392765, 40.72629481707009], "KOZAL": [19.28548012238292, 19.29579530540473, 19.29579530540473, 19.27578385563635, 19.27578385563635, 19.28574617445202, 19.27578385563635, 19.30180126577377, 19.27663216319713, 19.336512574169866], "KRDMD": [23.051415149234014, 23.057695232554416, 23.05131971138144, 23.05131971138144, 23.04954479963672, 23.0595487605737, 23.049564530846972, 23.049564530846972, 23.044454798615323, 23.116165902578754], "PETKM": [17.03544906103925, 17.065132942204954, 17.061235912275006, 17.061235912275006, 17.061235912275006, 17.063196819682236, 17.063196819682236, 17.062159071320693, 17.062159071320693, 17.089270220455308], "PGSUS": [639.0362387212587, 638.9370701701112, 639.1600123309703, 638.4842842373989, 638.4842842373989, 638.4842842373989, 638.602586305927, 638.4297480271542, 638.4297480271542, 639.3973225113966], "SAHOL": [60.574466588992635, 60.5382000050795, 60.545636317809844, 60.50604650532195, 60.50604650532195, 60.48742584253788, 60.48742584253788, 60.48742584253788, 60.48742584253788, 60.722581353262456], "SASA": [36.44349176108306, 36.412616989660364, 36.39617627900451, 36.39725747553388, 36.40454805147837, 36.40454805147837, 36.40454805147837, 36.39802131434856, 36.45614105124583, 36.61332461984286], "SISE": [46.80203795879367, 46.7746692779225, 46.78837769685189, 46.78837769685189, 46.78441957828763, 46.78441957828763, 46.783527109900305, 46.78931085584375, 46.78931085584375, 46.936170620224544], "TAVHL": [102.8806060305798, 102.83670017320301, 102.76297063194222, 102.76526785024902, 102.75460659898208, 102.76990211307194, 102.837212433383, 102.81835351096632, 102.83291370220505, 102.97914997017881], "TCELL": [53.72650532618372, 53.60568755566928, 53.638469742816476, 53.649971652109606, 53.65405736488887, 53.66035463500354, 53.66035463500354, 53.65701228931351, 53.643484407685456, 53.733233413400285], "THYAO": [222.30402000105934, 222.6203163286469, 222.51094903398862, 222.460086877337, 222.45288999086316, 222.50342091814215, 222.43735028055954, 222.45555184265123, 222.52819263164218, 223.04343185054296], "TKFEN": [34.709850867184905, 34.732966241337145, 34.755740163670396, 34.755740163670396, 34.755740163670396, 34.76444286894127, 34.76444286894127, 34.76444286894127, 34.76444286894127, 34.780996470094685], "TTKOM": [23.593497312366022, 23.532395308628566, 23.5357540907167, 23.5357540907167, 23.53270212901939, 23.511378769684825, 23.517082195835282, 23.51421295801354, 23.51063529859837, 23.579240149992007], "TUPRS": [146.25409985390104, 146.0683651794831, 146.03797240859228, 146.02485746493068, 146.05507836926472, 146.05041818622882, 146.05041818622882, 146.0454592848916, 146.0185401613359, 146.37616068544722], "VAKBN": [12.222804123481536, 12.203104496543371, 12.205309027181817, 12.205309027181817, 12.202796533785158, 12.20270360071662, 12.198599197358988, 12.190314656788704, 12.186743367679584, 12.221606835970544], "VESTL": [43.31248128462947, 43.32628201973349, 43.32628201973349, 43.32628201973349, 43.33575487794538, 43.34170503691764, 43.33937564694604, 43.28969771378659, 43.3705200707386, 43.43445975176952], "YKBNK": [19.12551748248578, 19.16264329700687, 19.16277937987365, 19.16277937987365, 19.16277937987365, 19.16277937987365, 19.16277937987365, 19.155974235837466, 19.163280583359093, 19.194126013536355]}