{"AKBNK": [37.64104502295382, 37.60582551377775, 37.59273877789049, 37.59273877789049, 37.573185370651935, 37.573185370651935, 37.56114703897365, 37.56114703897365, 37.57362436617882, 37.672600829240736], "ARCLK": [124.93489360296377, 124.94670182165241, 125.14193670245263, 125.09970594156613, 125.09970594156613, 125.08723532347052, 125.09874541105344, 125.08476970459908, 125.08721066340708, 125.21935130517691], "ASELS": [43.424032282971176, 43.43766558251825, 43.43604295870699, 43.43604295870699, 43.43604295870699, 43.43604295870699, 43.43766558251825, 43.43766558251825, 43.43118463360912, 43.49188501630565], "BIMAS": [303.47895367048994, 303.5227757959722, 303.5555193323158, 303.5180819992115, 303.50349482638705, 303.6345024856727, 303.68873020988605, 303.68873020988605, 303.62841153646013, 303.68343741580304], "DOHOL": [10.562679669469397, 10.562377966169512, 10.561071404021883, 10.561321863347787, 10.561327722686265, 10.5613320170311, 10.561342532337328, 10.561338237992492, 10.546372994210248, 10.601694990240823], "EKGYO": [6.8292280758356805, 6.83279241447848, 6.833916205265202, 6.833816641200325, 6.833816641200325, 6.833816641200325, 6.833816641200325, 6.830910202859842, 6.834763169478849, 6.849898103887155], "EREGL": [40.591788989039316, 40.52621578247108, 40.52621578247108, 40.52621578247108, 40.52300108853987, 40.52300108853987, 40.54518456083359, 40.5413823014318, 40.52989222492152, 40.59761860671314], "FROTO": [734.6742780156022, 735.309922450412, 736.1479749515483, 736.1479749515483, 736.1479749515483, 735.9170765541971, 736.3748782531965, 735.8415416686846, 735.7602996090192, 736.8555169427011], "GARAN": [56.2254495210266, 56.03730509888057, 56.041682406407936, 56.04405789219952, 56.028159092525115, 56.028159092525115, 56.028159092525115, 55.996697829917686, 56.04014696409745, 56.22634272683199], "GUBRF": [172.34096989637385, 172.4065415529195, 172.4065415529195, 172.4065415529195, 172.4065415529195, 172.4065415529195, 172.37434797061613, 172.4440883412396, 172.4392403658548, 172.71146158116466], "HALKB": [11.478798398548097, 11.481096485583087, 11.483181353989703, 11.483181353989703, 11.480957759568973, 11.480957759568973, 11.483845470353113, 11.478045498969895, 11.47976718733525, 11.505175958357844], "ISCTR": [22.25460841629549, 22.247563150188387, 22.25343563292265, 22.24976082935503, 22.256479715249977, 22.256479715249977, 22.265063004659037, 22.261388201091414, 22.262611717991046, 22.34898747891054], "KCHOL": [137.2239831116391, 137.29014755136313, 137.32741881818993, 137.32847167556443, 137.32741881818993, 137.31439708696146, 137.2903429471601, 137.32004477005026, 137.28816807099946, 137.45204233091638], "KOZAA": [39.3152542274945, 39.47987228444663, 39.476952262021655, 39.50359388570811, 39.49533636494196, 39.49533636494196, 39.506829408354164, 39.512888874640076, 39.55449931137003, 39.64060090538547], "KOZAL": [18.95877400841684, 18.97726925369029, 18.981522127099257, 18.971990895499477, 18.97493518020348, 18.972197134945286, 18.97303084559221, 19.00608038567867, 18.97437374506701, 19.063210833914322], "KRDMD": [22.42677674876302, 22.39116525078117, 22.389974852036058, 22.389974852036058, 22.389974852036058, 22.389974852036058, 22.389974852036058, 22.389974852036058, 22.389181316766578, 22.428687444359056], "PETKM": [17.276133193755143, 17.305936041198773, 17.316744295187398, 17.316744295187398, 17.31480266140084, 17.31558185727278, 17.31558185727278, 17.31490399587504, 17.308416508141047, 17.338774144883534], "PGSUS": [641.1485960155975, 641.0969389597318, 641.5501724597616, 641.4729751844374, 641.378935588219, 641.3865980520853, 641.3865980520853, 641.3994787164078, 641.39976435926, 642.6325254625502], "SAHOL": [61.40951237629052, 61.493645149791796, 61.46487954598687, 61.473572196884746, 61.465653566845695, 61.48145847742576, 61.43213758423544, 61.44218952572607, 61.452202209510844, 61.642691528997126], "SASA": [38.091538214248985, 38.006889150651546, 37.98355380759685, 37.981981195173645, 37.98535141655147, 37.992655502142874, 37.992655502142874, 38.01520273891576, 38.02999275437196, 38.17099205769021], "SISE": [45.67984490780314, 45.67862950552036, 45.67862950552036, 45.67862950552036, 45.67862950552036, 45.67862950552036, 45.67862950552036, 45.70506502310027, 45.70084549166558, 45.81454815747265], "TAVHL": [102.54885891356814, 102.40153464196548, 102.4871644615565, 102.49231506020399, 102.46538371266162, 102.48314883907584, 102.47381963348236, 102.47031711557315, 102.44849854532589, 102.49032064781376], "TCELL": [53.1575953581994, 53.100057856507156, 53.09653584615228, 53.097937043939645, 53.12091259679745, 53.13423939966014, 53.1392206294471, 53.1392206294471, 53.13668961622487, 53.192281539901], "THYAO": [228.3662945988413, 228.22958366970062, 228.16311984605343, 228.22082315740778, 228.22082315740778, 228.17303187700645, 228.3348693401197, 228.2370584421489, 228.0890065630652, 228.82359878070474], "TKFEN": [33.99850146368131, 33.97340744918297, 33.98314669773764, 33.98314669773764, 33.98314669773764, 33.98314669773764, 33.98664317821856, 33.992320097840334, 33.976086502382486, 33.984039776936896], "TTKOM": [24.42422612723159, 24.40729428439745, 24.40729428439745, 24.405437866398252, 24.405437866398252, 24.405437866398252, 24.405437866398252, 24.402627408246254, 24.404521093642135, 24.47047575782052], "TUPRS": [143.40502655311758, 143.66434842720807, 143.71308627686378, 143.7139504569803, 143.7011932252228, 143.69661910575869, 143.67025759117845, 143.67025759117845, 143.69305251996335, 143.9893333835413], "VAKBN": [12.289306928532081, 12.277074584134459, 12.277074584134459, 12.272991642933114, 12.272991642933114, 12.276268063035166, 12.276268063035166, 12.27522123436178, 12.283663307342167, 12.319540434614218], "VESTL": [43.33660390996466, 43.28325259708142, 43.27825021513548, 43.275043405477355, 43.27690827853228, 43.26550909103969, 43.26550909103969, 43.23252420586052, 43.2975594650849, 43.39924589152128], "YKBNK": [20.00293979846269, 20.000267374630134, 19.97821988255984, 19.97821988255984, 19.978460228409418, 19.978481713995123, 19.978481713995123, 19.97350426470894, 19.978257566351928, 20.0346664020776]}