{"AKBNK": [35.950032581684546, 35.98053193829788, 35.98053193829788, 35.98053193829788, 35.98197550988045, 35.98197550988045, 35.98197550988045, 35.98197550988045, 35.98085509454016, 36.08946972936469], "ARCLK": [124.05629718776274, 124.06333486855975, 124.07180971057572, 124.07180971057572, 124.07180971057572, 124.06011907425537, 124.08419948905959, 124.08419948905959, 124.07509979888223, 124.30996032800043], "ASELS": [44.69985990807422, 44.696659291249446, 44.696659291249446, 44.696659291249446, 44.696659291249446, 44.696659291249446, 44.696659291249446, 44.696659291249446, 44.69105829183845, 44.71552761708686], "BIMAS": [306.9506212909055, 307.40658113979515, 307.67585813009487, 307.60608286301203, 307.5710743307621, 307.7380124431097, 307.6995955824184, 307.7385888508847, 307.7077590582053, 307.55586606665565], "DOHOL": [10.895209632991707, 10.874824882729612, 10.869228870957494, 10.869228870957494, 10.869228870957494, 10.86922096292864, 10.86922096292864, 10.8671592246258, 10.853446712198995, 10.917897907918988], "EKGYO": [6.93512347957501, 6.939976269799312, 6.939976269799312, 6.939060133849596, 6.939060133849596, 6.939060133849596, 6.939060133849596, 6.939060133849596, 6.9385325519947045, 6.9462840123135425], "EREGL": [41.40990073100612, 41.40668945634707, 41.40668945634707, 41.395204461363825, 41.39855841972803, 41.41093839680837, 41.411822233792286, 41.41790779809923, 41.4136850857371, 41.44395620995121], "FROTO": [748.4649917122445, 747.4193319023841, 748.0342299608386, 748.0982405063166, 748.2186655872054, 748.2889925969105, 748.2889925969105, 748.2433335614916, 748.2596049456357, 749.2911014272479], "GARAN": [56.26549012845618, 56.221351523621784, 56.221351523621784, 56.219506616260105, 56.17427115064934, 56.17427115064934, 56.17427115064934, 56.15215110916847, 56.176332832159886, 56.41897689702395], "GUBRF": [139.8700058571117, 139.95734668762142, 139.95914327549102, 139.8898902518282, 139.95327761358425, 139.91008399153168, 139.9353337327924, 139.93549474780673, 140.00138191517811, 139.3913045753399], "HALKB": [11.766238567843606, 11.780809737014616, 11.780809737014616, 11.780809737014616, 11.779177345705252, 11.774277213305655, 11.774277213305655, 11.764817487162013, 11.76455134138986, 11.793439990531336], "ISCTR": [22.563780258898362, 22.577906150289426, 22.577906150289426, 22.577906150289426, 22.57307357261902, 22.59094302726794, 22.591563300103623, 22.585338057326513, 22.597330587731744, 22.712842622472582], "KCHOL": [140.55926929738735, 140.90627622858003, 140.88911085276945, 140.91533153811287, 140.84814236362564, 140.91512461393015, 140.88890457118643, 140.89093095676725, 140.88890457118643, 140.99143706746068], "KOZAA": [42.30477701487486, 42.193171787861054, 42.193171787861054, 42.19103028817749, 42.19103028817749, 42.18501359000198, 42.21467317932848, 42.24906568830722, 42.2413513673136, 42.3942330211004], "KOZAL": [19.548032310218044, 19.567838229802884, 19.586566740951646, 19.58535496135627, 19.58655101850391, 19.57606905072469, 19.57606905072469, 19.582107437441426, 19.583235702589484, 19.664338017594215], "KRDMD": [24.069130715487468, 24.00558314447197, 24.00558314447197, 24.00558314447197, 24.003113356794174, 24.003113356794174, 24.003113356794174, 23.993545409412306, 24.003067237400835, 24.088798085801425], "PETKM": [17.557740802521643, 17.570880308267473, 17.570880308267473, 17.572950813080134, 17.574800634455485, 17.600381376699424, 17.600381376699424, 17.600145961644916, 17.589198624327793, 17.626196613166204], "PGSUS": [649.307699848441, 649.1419732584708, 649.0749102556043, 649.0070696708528, 648.8371099599149, 648.917454517519, 648.917454517519, 649.0538684153937, 649.2079044757522, 649.6447951726253], "SAHOL": [61.346785195930224, 61.31849313186204, 61.31849313186204, 61.33367217831562, 61.33367217831562, 61.3023042066725, 61.3023042066725, 61.32044646433327, 61.31602137577586, 61.43791077811535], "SASA": [36.53463623649071, 36.54926309842331, 36.55135597512488, 36.55209177902448, 36.54822893005848, 36.54822893005848, 36.56009859057087, 36.60337366413644, 36.57917223866732, 36.73957252387541], "SISE": [46.71268686349728, 46.61482074583515, 46.616511392822794, 46.628510974866536, 46.628510974866536, 46.62493306442592, 46.62493306442592, 46.6120676729753, 46.61986126037303, 46.755855597313236], "TAVHL": [106.00850771214861, 105.78234519702833, 105.81431249804608, 105.83504660740286, 105.9003959522527, 105.9003959522527, 105.89091852964627, 105.86637850688369, 105.86793274324947, 105.97975855377302], "TCELL": [56.28536858192193, 56.35101864777097, 56.34799467652994, 56.35040532475483, 56.346212110398625, 56.36184314571738, 56.36302070417829, 56.36302070417829, 56.358703446146386, 56.3971205017286], "THYAO": [229.53645433244722, 229.1902735404182, 229.14538620566705, 229.1959655570002, 229.14696464356174, 229.14696464356174, 229.04039049940695, 229.04039049940695, 229.29171809143895, 229.8647509709173], "TKFEN": [35.35115376953244, 35.288600873081684, 35.28822370517412, 35.31238426838121, 35.31133583775036, 35.320846962113514, 35.316408867633726, 35.320846962113514, 35.33521153332634, 35.40347551469863], "TTKOM": [24.60312075813037, 24.564727300639785, 24.564727300639785, 24.573634764852528, 24.573634764852528, 24.569466776327243, 24.572954540030885, 24.55337353968146, 24.57131468080143, 24.60445155622353], "TUPRS": [144.5855310303382, 144.48200416389707, 144.48200416389707, 144.52294662699862, 144.57643395908912, 144.66078202952215, 144.66078202952215, 144.66078202952215, 144.63436774603232, 145.09714391734914], "VAKBN": [12.395799458103362, 12.365316216555943, 12.361417765413528, 12.361417765413528, 12.36140549106861, 12.359522776689733, 12.360713419967379, 12.359083949982294, 12.368688917700446, 12.39906398421688], "VESTL": [44.56032866449872, 44.57771055305624, 44.576973066723326, 44.60508452376181, 44.5873438182525, 44.60406667468013, 44.60406667468013, 44.61514008453869, 44.6524090839607, 44.71229486543887], "YKBNK": [19.21421827419215, 19.222928109771217, 19.222928109771217, 19.222928109771217, 19.223326093475055, 19.223432371954623, 19.223432371954623, 19.23028457781, 19.214171408279277, 19.25505924670977]}