{"AKBNK": [36.51534412728939, 36.51530573962438, 36.51530573962438, 36.51549014634402, 36.51549014634402, 36.51565445601682, 36.51565445601682, 36.51565445601682, 36.51567112203889, 36.538817586964264], "ARCLK": [128.47475939748517, 128.49183183821478, 128.49183183821478, 128.49183183821478, 128.4925087680921, 128.4925087680921, 128.4931489358573, 128.49196617686985, 128.49196617686985, 128.51529867909315], "ASELS": [44.973834469951186, 44.97835593033864, 44.97858729967206, 44.97840520311908, 44.97840520311908, 44.97840520311908, 44.97840520311908, 44.97840520311908, 44.97847500342866, 44.9932432704852], "BIMAS": [300.6226330944184, 300.70913103131466, 300.7151995072823, 300.7263143905451, 300.7261911730487, 300.7273809057945, 300.719968173684, 300.7210397172153, 300.7313725376589, 300.7383160595734], "DOHOL": [11.062507804623442, 11.059866996909271, 11.059853550390104, 11.05985288324757, 11.05985288324757, 11.05985288324757, 11.05985288324757, 11.059813572249338, 11.060045865079578, 11.060993836669864], "EKGYO": [6.880719148767569, 6.879645765136732, 6.879643972585043, 6.879643972585043, 6.879643972585043, 6.879643972585043, 6.879643972585043, 6.879643972585043, 6.8795410995766835, 6.880615684177489], "EREGL": [40.9906022126389, 40.9982102715006, 40.9982102715006, 40.99819884091018, 40.99808880946965, 40.99808880946965, 40.99808880946965, 40.997835611553626, 40.99818761616741, 41.01036394909813], "FROTO": [739.3153526550764, 739.4355613132525, 739.4621233887042, 739.4621233887042, 739.4643631862036, 739.4643631862036, 739.4643631862036, 739.4643631862036, 739.4643631862036, 739.6925621797467], "GARAN": [58.348822277030955, 58.34671686269426, 58.346912581526745, 58.346912581526745, 58.346912581526745, 58.34676598440566, 58.34676598440566, 58.34700942954754, 58.34731431221524, 58.36474041981494], "GUBRF": [153.53243420436567, 153.66644057490382, 153.66781231484595, 153.67066422354458, 153.67066422354458, 153.67066422354458, 153.66966491896048, 153.66966491896048, 153.67648938605745, 153.7398883494898], "HALKB": [11.977649232244437, 11.97971082424754, 11.97971082424754, 11.9796631238031, 11.979925484755471, 11.979872794385422, 11.979696601983457, 11.978642280862251, 11.978870530695891, 11.98529033191024], "ISCTR": [23.36344459556781, 23.361363862967078, 23.36143689093176, 23.36143689093176, 23.361502368665942, 23.361502368665942, 23.361644569643204, 23.361533493285776, 23.361569088803932, 23.368375517314224], "KCHOL": [141.76806975759152, 141.7895857641258, 141.79089624552932, 141.79089624552932, 141.79191932743723, 141.79345786365388, 141.79345786365388, 141.79345786365388, 141.79398120386784, 141.81797393999105], "KOZAA": [42.40048884737558, 42.41000216215485, 42.41051270023011, 42.41068020773493, 42.410637175279625, 42.410637175279625, 42.410637175279625, 42.41064566136782, 42.41132287083477, 42.45968790167215], "KOZAL": [19.5265483193938, 19.529520642022735, 19.529515222407323, 19.529515222407323, 19.529515222407323, 19.529515222407323, 19.529515222407323, 19.529515222407323, 19.529965754079658, 19.545783880420537], "KRDMD": [23.757776555423675, 23.760205613841933, 23.760199977262328, 23.760164624296976, 23.760164624296976, 23.760158868296823, 23.760158868296823, 23.760158868296823, 23.76023576426299, 23.769282325387667], "PETKM": [18.211755204819962, 18.21045986836383, 18.21045986836383, 18.21045986836383, 18.21045986836383, 18.210367017191132, 18.210367017191132, 18.210321598595247, 18.2104094219406, 18.21885548515576], "PGSUS": [649.4161886596695, 649.4612017700338, 649.4556402508437, 649.457107456758, 649.4546251889165, 649.4567542958251, 649.4520113421507, 649.4520113421507, 649.4520113421507, 649.8388608274205], "SAHOL": [60.43431266831661, 60.44505926829911, 60.44505926829911, 60.445256599096105, 60.44505750923552, 60.44548484718222, 60.446154954766996, 60.44620820434128, 60.44620820434128, 60.46861669100585], "SASA": [36.42787962470687, 36.43913303167792, 36.43889629397543, 36.43920290163683, 36.43920290163683, 36.43920290163683, 36.43920290163683, 36.4388315129014, 36.43925843460013, 36.46859457572405], "SISE": [45.8087167881993, 45.81745354588006, 45.81744154843998, 45.81744154843998, 45.817353180730294, 45.81761545084959, 45.8179629056031, 45.8179629056031, 45.818154779770644, 45.83878286439111], "TAVHL": [107.45244464213665, 107.48378709889504, 107.48505016202382, 107.48731574920033, 107.48826530895646, 107.48786730039775, 107.48703350049614, 107.48703350049614, 107.4875512848834, 107.55711127634898], "TCELL": [56.09494068747784, 56.102047877304464, 56.102047877304464, 56.102047877304464, 56.102283600799275, 56.10242013795278, 56.10265261045782, 56.10265261045782, 56.10265261045782, 56.11148397067027], "THYAO": [228.57609787126117, 228.60095492979372, 228.60302508966967, 228.60302508966967, 228.60302508966967, 228.60302508966967, 228.60302508966967, 228.60182412421614, 228.60310007374673, 228.7332874631335], "TKFEN": [36.909985965475094, 36.91911750685971, 36.91911750685971, 36.91911750685971, 36.918497629159134, 36.918497629159134, 36.918497629159134, 36.918497629159134, 36.918497629159134, 36.92774164577114], "TTKOM": [24.364525095168023, 24.35904166084291, 24.35904166084291, 24.359005083822513, 24.359005083822513, 24.359005083822513, 24.359005083822513, 24.358899832799988, 24.359019502478656, 24.37355964791405], "TUPRS": [142.97270484119903, 142.99177404690406, 142.99177404690406, 142.99071761544295, 142.99072211838748, 142.9905583927941, 142.9905583927941, 142.99012131494592, 142.9923078175729, 143.02864109110658], "VAKBN": [12.83963078715801, 12.840553017780602, 12.840553017780602, 12.840553017780602, 12.840329246981184, 12.840329246981184, 12.840182950208304, 12.840182950208304, 12.840273985957268, 12.843779676962248], "VESTL": [46.23011888989172, 46.229902641454345, 46.228389354699196, 46.22815452646309, 46.22796214136025, 46.22797508706639, 46.22797508706639, 46.22316153785635, 46.239069838759555, 46.2584301410418], "YKBNK": [19.540726129092217, 19.540299495342165, 19.54029255291145, 19.54029255291145, 19.54029255291145, 19.54029255291145, 19.54029255291145, 19.54017087077584, 19.540191645332968, 19.542763494970178]}