{"AKBNK": [36.29214241740725, 36.298207503930406, 36.298096477084535, 36.298096477084535, 36.29824381509243, 36.298437179339494, 36.298325428294, 36.29817809028611, 36.298212735551985, 36.320261603691456], "ARCLK": [128.65661424617485, 128.6844898069703, 128.6844898069703, 128.68399220581819, 128.68479379556115, 128.68479379556115, 128.68479379556115, 128.68479379556115, 128.68624502184863, 128.71426914884785], "ASELS": [47.46041883001366, 47.45807432008733, 47.45851001144258, 47.45849845000439, 47.45831809309365, 47.45849845000439, 47.45831809309365, 47.4585195603847, 47.458648107098604, 47.47321076911643], "BIMAS": [302.4362470645866, 302.4992661951823, 302.49929166934436, 302.50074012976916, 302.5030111259459, 302.5015828080753, 302.5038470315668, 302.5015828080753, 302.5087028471649, 302.49751422155134], "DOHOL": [11.570909917891237, 11.569639331109629, 11.569668596003964, 11.569668596003964, 11.569668596003964, 11.569668596003964, 11.569668596003964, 11.569668596003964, 11.570097464570424, 11.571255482000801], "EKGYO": [7.260508407056026, 7.259764005922944, 7.259764005922944, 7.259764005922944, 7.259764005922944, 7.259764005922944, 7.259764005922944, 7.259764005922944, 7.259764005922944, 7.260414983299307], "EREGL": [42.31437871562884, 42.31923598475756, 42.31923598475756, 42.31913533256853, 42.31906718203033, 42.31906718203033, 42.31906718203033, 42.31906718203033, 42.319082535148674, 42.3297659127962], "FROTO": [749.8405600956606, 749.9556101031894, 749.9691362972366, 749.9691362972366, 749.9670340121406, 749.971239583714, 749.971239583714, 749.971239583714, 749.9674156514775, 750.1919677968989], "GARAN": [57.59018275798413, 57.59649765132272, 57.596478563757046, 57.596465023203564, 57.596107482578255, 57.59596273775137, 57.59617460347434, 57.597171339506616, 57.59725115932154, 57.61311030347133], "GUBRF": [161.48761054688842, 161.49397805685842, 161.47243975196395, 161.4711242257033, 161.47228896807474, 161.47228896807474, 161.47228896807474, 161.46912235614016, 161.47756303241147, 161.5748085084122], "HALKB": [12.017818657798918, 12.019725925351713, 12.019725925351713, 12.01957692166436, 12.019992892940232, 12.019803122960349, 12.019732142080995, 12.018852096195863, 12.019120004497708, 12.02542608952515], "ISCTR": [22.960576115939066, 22.959800061761424, 22.959747559718735, 22.959766059899465, 22.960043880783417, 22.959787028688396, 22.959787028688396, 22.959796462337398, 22.95997656982139, 22.9684471461877], "KCHOL": [141.87314772367935, 141.88735645855067, 141.8894800019034, 141.88882641469868, 141.89013781911797, 141.89233946484165, 141.89266603955, 141.89257573532015, 141.89290231002846, 141.9178537439595], "KOZAA": [43.3275331959465, 43.336459475792786, 43.33637484572241, 43.336503035257415, 43.336503035257415, 43.33518423712235, 43.33518423712235, 43.33518423712235, 43.335561421269, 43.379964474117884], "KOZAL": [19.666494373710325, 19.66936040722059, 19.669357765477713, 19.669351474049094, 19.669351474049094, 19.6693336777395, 19.6693336777395, 19.6693336777395, 19.670044774503243, 19.685820652565056], "KRDMD": [24.838155480847856, 24.840628224621593, 24.840622111193394, 24.840589046812497, 24.840589046812497, 24.840589046812497, 24.840589046812497, 24.840589046812497, 24.84060795710853, 24.849312763300976], "PETKM": [19.54451858923729, 19.540511855452184, 19.540511855452184, 19.540394719487406, 19.540394719487406, 19.54039667302245, 19.54039667302245, 19.540315891224328, 19.5404088162788, 19.549465638663353], "PGSUS": [674.951809378661, 674.9516188300482, 674.9516188300482, 674.9516188300482, 674.9516188300482, 674.9516188300482, 674.9516188300482, 674.9516188300482, 674.9516188300482, 675.346752439445], "SAHOL": [59.836002668836535, 59.84435309799792, 59.84435309799792, 59.84449421482998, 59.844760768052446, 59.84435863144186, 59.844670048222696, 59.84469255668612, 59.84471535531575, 59.86869957690511], "SASA": [36.007740413092904, 36.017270604451376, 36.017355225936576, 36.01738050961614, 36.017350827439465, 36.01691594934477, 36.017350827439465, 36.017350827439465, 36.01691594934477, 36.04359252418499], "SISE": [45.4873939918167, 45.4968119934915, 45.496800412314876, 45.496788884983026, 45.496755412297034, 45.496755412297034, 45.4970668477863, 45.49708761559868, 45.49708761559868, 45.517913654961625], "TAVHL": [111.97363994346942, 111.98878075051293, 111.98966225348109, 111.9911056227687, 111.99136417106956, 111.98997998389699, 111.9899652239895, 111.990415564177, 111.990415564177, 112.05534960807292], "TCELL": [58.99461624632101, 59.001899799300354, 59.001899799300354, 59.001899799300354, 59.002144297623595, 59.002287768266946, 59.00239604261315, 59.00239604261315, 59.00239604261315, 59.01346023232818], "THYAO": [233.3055745974137, 233.3058066827299, 233.30579126407963, 233.30377983540166, 233.30591862832156, 233.30579126407963, 233.30579126407963, 233.30746625674715, 233.3117011208661, 233.4454159706817], "TKFEN": [36.690544731212874, 36.69790010698258, 36.69790010698258, 36.69790010698258, 36.69746459947237, 36.69746459947237, 36.69746459947237, 36.69746459947237, 36.69746459947237, 36.70792189767221], "TTKOM": [26.246829101677815, 26.240331044917937, 26.240331044917937, 26.24000309826441, 26.24000309826441, 26.24000309826441, 26.24000309826441, 26.24000309826441, 26.240013400058004, 26.254793808292643], "TUPRS": [143.6905236102358, 143.69234441062224, 143.69097736067604, 143.690579273676, 143.69160293555004, 143.69119149931137, 143.69119149931137, 143.69119149931137, 143.6896019527406, 143.72381987241957], "VAKBN": [13.930236430326365, 13.930666623525687, 13.930772621297164, 13.930772621297164, 13.930679639813846, 13.930553079587632, 13.930553079587632, 13.930554162440535, 13.930581235838135, 13.93395854303997], "VESTL": [45.8686880227366, 45.87208325743703, 45.87080587229709, 45.87069027653572, 45.870151473257465, 45.870151473257465, 45.86989653754362, 45.86667601407987, 45.88205636543798, 45.897317698553984], "YKBNK": [19.910452209209765, 19.90998588881121, 19.90998588881121, 19.90998588881121, 19.90998588881121, 19.90998588881121, 19.90998588881121, 19.90983792391721, 19.909853740015794, 19.912005349521248]}