{"AKBNK": [39.8336436008291, 39.83607833719386, 39.83607833719386, 39.83607833719386, 39.83607833719386, 39.83624453712839, 39.83624453712839, 39.83624453712839, 39.83626175257874, 39.86117599847095], "ARCLK": [128.28070901709933, 128.28673860840686, 128.28628630496647, 128.28550555427486, 128.28595785771523, 128.28595785771523, 128.28753027308366, 128.28753027308366, 128.29153933211407, 128.3252890240932], "ASELS": [46.93594474069878, 46.93976545717765, 46.939788894185995, 46.93959903524589, 46.93959903524589, 46.93959903524589, 46.93959903524589, 46.93959903524589, 46.93967421997229, 46.95440351105262], "BIMAS": [319.44325174560703, 319.4790875199773, 319.48626856641107, 319.48577716397176, 319.48577716397176, 319.48448756933226, 319.4857241082787, 319.4870886935876, 319.4857241082787, 319.476537615426], "DOHOL": [11.792063188920181, 11.789848833834874, 11.789829015938025, 11.789825929900177, 11.789825929900177, 11.789901135921276, 11.789825929900177, 11.789825929900177, 11.790024565651729, 11.790715481697022], "EKGYO": [8.132034922319562, 8.129901510098405, 8.129811262267578, 8.129856791624233, 8.129856791624233, 8.129811262267578, 8.129811262267578, 8.129840612157816, 8.129961141166305, 8.1306838846844], "EREGL": [42.89472391272937, 42.89841739672218, 42.89841739672218, 42.89834798598721, 42.89834798598721, 42.89834798598721, 42.89834798598721, 42.89836318405776, 42.89836318405776, 42.90852068753724], "FROTO": [754.3563876976576, 754.4190685004905, 754.434223694846, 754.4377273841227, 754.4444976514557, 754.4483592224811, 754.4508437513028, 754.4508437513028, 754.4508437513028, 754.7089527526014], "GARAN": [62.59098450377269, 62.59747993803811, 62.59778016403606, 62.59778016403606, 62.59716799650844, 62.59701090305351, 62.59678746857298, 62.59677059281475, 62.596795666626235, 62.61579606007094], "GUBRF": [148.76856520415853, 148.84960223840662, 148.85294304776212, 148.85294304776212, 148.85401749085278, 148.85401749085278, 148.85455295221323, 148.84947093225648, 148.83517184898778, 148.9041162440437], "HALKB": [13.787164899871845, 13.790062729822479, 13.790062729822479, 13.790270099029144, 13.790366181201271, 13.790428677363849, 13.79037328431045, 13.789410665894403, 13.789573043721079, 13.796703072755577], "ISCTR": [25.144374338093172, 25.13977148587148, 25.13972206846671, 25.13972206846671, 25.13998943817607, 25.139988142942297, 25.139988142942297, 25.139927249548226, 25.140177344102373, 25.148565870507806], "KCHOL": [143.9618958310282, 143.9867223048565, 143.9894229073322, 143.9894229073322, 143.99011717264352, 143.9918050460942, 143.9921118820528, 143.99325801243342, 143.99270780726997, 144.01683989731586], "KOZAA": [41.98518165955221, 41.992715366909415, 41.99432175456534, 41.99431849650076, 41.99431849650076, 41.9936071989691, 41.994114638542754, 41.994114638542754, 41.994431640687786, 42.03798674930106], "KOZAL": [19.447443480896837, 19.449074963866853, 19.449067582746235, 19.449057079828368, 19.449057079828368, 19.449057079828368, 19.449057079828368, 19.449057079828368, 19.44923278832299, 19.466141094566208], "KRDMD": [24.720173159077717, 24.72049302138447, 24.720457839527416, 24.720457839527416, 24.720405611809202, 24.720405611809202, 24.720405611809202, 24.720405611809202, 24.72056422538762, 24.730436585693695], "PETKM": [19.656695002030773, 19.650016785022217, 19.65001065065933, 19.65001065065933, 19.650004154783534, 19.650004154783534, 19.650073343918663, 19.650045798329046, 19.650045798329046, 19.659296908886446], "PGSUS": [695.359327851157, 695.4149191417397, 695.4296224488795, 695.415902165268, 695.4198865773506, 695.415902165268, 695.415902165268, 695.4369907599788, 695.4235902075651, 695.8290782477633], "SAHOL": [62.18655272478505, 62.19493057171112, 62.19549858614372, 62.19585226642556, 62.19584805444382, 62.19605957964691, 62.196302479107, 62.196325879973436, 62.19653061126411, 62.21953237579806], "SASA": [35.9525664976244, 35.95934269200511, 35.95929047564189, 35.959290715973005, 35.959290715973005, 35.959290715973005, 35.959290715973005, 35.959290715973005, 35.959290715973005, 35.987255888017735], "SISE": [47.19689722553687, 47.19591970172879, 47.19596329955174, 47.19596329955174, 47.19596329955174, 47.19596329955174, 47.19596329955174, 47.19596329955174, 47.196051232917206, 47.21883750835838], "TAVHL": [114.47443333184704, 114.49582905281754, 114.49530033638807, 114.49642670867536, 114.49660746226353, 114.49589237024917, 114.49589237024917, 114.49731971015524, 114.49614182922348, 114.55431675922495], "TCELL": [62.49503447930763, 62.50231446492533, 62.50247484885613, 62.50247484885613, 62.50247484885613, 62.502472149585884, 62.50258673613576, 62.50258673613576, 62.50258673613576, 62.513883744763355], "THYAO": [242.9083736680693, 242.89794030568126, 242.9040613343528, 242.9041455306237, 242.90218445086944, 242.9041455306237, 242.9041455306237, 242.9041455306237, 242.90432072096655, 243.04784344072823], "TKFEN": [36.33505937588887, 36.33839090644465, 36.33839090644465, 36.33839090644465, 36.338263409857426, 36.338263409857426, 36.338082873472, 36.338263409857426, 36.338263409857426, 36.34784273705015], "TTKOM": [26.705660056028417, 26.699969281199827, 26.699969281199827, 26.699893113572397, 26.699748944774228, 26.699748944774228, 26.699748944774228, 26.699761898306324, 26.69986819145053, 26.71475239908933], "TUPRS": [138.07149867613114, 138.08311072856063, 138.0845006805207, 138.0846603614822, 138.0838836313805, 138.08356954250266, 138.08356954250266, 138.08356954250266, 138.08468458931824, 138.11808637145998], "VAKBN": [15.250048010136346, 15.250363772042457, 15.250479132760011, 15.250479132760011, 15.250083555802284, 15.249946968742025, 15.249946968742025, 15.249946968742025, 15.249854903218834, 15.254815257354233], "VESTL": [46.81463154208408, 46.81082753761248, 46.809593224066184, 46.80955418932314, 46.808995281547396, 46.808995281547396, 46.80871701934414, 46.80623443414341, 46.82208468032015, 46.840604607040696], "YKBNK": [22.422140259212096, 22.420309436783413, 22.420309436783413, 22.420309436783413, 22.420309436783413, 22.420309436783413, 22.420309436783413, 22.420268324367367, 22.420283710765116, 22.423218949490757]}