{"AKBNK": [41.11577733942963, 41.11788442027875, 41.11788442027875, 41.11788442027875, 41.11788442027875, 41.1178924291568, 41.1178924291568, 41.1178924291568, 41.11790978373694, 41.143034741768325], "ARCLK": [129.4741300549324, 129.48971974336325, 129.48971974336325, 129.48893174853555, 129.48893174853555, 129.48980833631322, 129.49050039657106, 129.49050039657106, 129.49068782537606, 129.52641744756875], "ASELS": [46.87873673268916, 46.87997600579172, 46.88010767052405, 46.87991804920805, 46.880028321754914, 46.880028321754914, 46.880028321754914, 46.88001274763301, 46.880137956512534, 46.89381112090823], "BIMAS": [328.1934956954022, 328.23737286172445, 328.2383101024973, 328.23836238657844, 328.23907187646813, 328.2372724148292, 328.2385547319477, 328.2385547319477, 328.2385547319477, 328.2235154692403], "DOHOL": [11.99147716009175, 11.989827797001972, 11.989815324797704, 11.989815324797704, 11.989815324797704, 11.989815324797704, 11.989815324797704, 11.989768598732686, 11.990094493458082, 11.9907550043042], "EKGYO": [8.171267458548813, 8.16966717314797, 8.16960223196048, 8.169705484699579, 8.169705484699579, 8.169705484699579, 8.169705484699579, 8.169705484699579, 8.169705484699579, 8.171012754306199], "EREGL": [43.89269737157113, 43.8986606099308, 43.8986606099308, 43.8985895764881, 43.89852672392311, 43.89852672392311, 43.89852672392311, 43.89852672392311, 43.89856343285138, 43.91071476773635], "FROTO": [777.8823229585283, 777.9081834744262, 777.9234876979746, 777.9234876979746, 777.9254331160331, 777.9297954815662, 777.9280991992385, 777.9280991992385, 777.9179135958019, 778.193185146], "GARAN": [65.59392517699045, 65.59800292428689, 65.59818666163808, 65.59818666163808, 65.59772981024429, 65.59757006975731, 65.59753858569259, 65.59753858569259, 65.59783133744408, 65.61674205733411], "GUBRF": [140.81979218593816, 140.94401269079722, 140.94401269079722, 140.94401269079722, 140.9450305176721, 140.94615843246086, 140.94507896485376, 140.9450305176721, 140.93686064889263, 140.99448038353444], "HALKB": [13.017310968076359, 13.019703392169887, 13.019703392169887, 13.019819970331993, 13.019837401214508, 13.019841652827687, 13.019841652827687, 13.01941099809367, 13.019743563868134, 13.026453989141475], "ISCTR": [25.723044786133254, 25.720879922026935, 25.720879922026935, 25.720879922026935, 25.72085685809725, 25.72073656493751, 25.720839919318447, 25.72084491272331, 25.721002609596113, 25.728149032259495], "KCHOL": [153.16649795549782, 153.1935482462848, 153.19400704686504, 153.19400704686504, 153.19506927546672, 153.19609729969417, 153.1960326081755, 153.19607130845387, 153.1960326081755, 153.21444781311575], "KOZAA": [43.531787176381016, 43.535476966243095, 43.53612268332511, 43.53597786353083, 43.53593842573724, 43.53593842573724, 43.53593842573724, 43.53593842573724, 43.534188543921346, 43.57948046882677], "KOZAL": [19.907924335939686, 19.908849306145285, 19.908846153937613, 19.908843446576963, 19.908843446576963, 19.908764878495816, 19.908854037995482, 19.908854037995482, 19.909133332502794, 19.92553022072502], "KRDMD": [25.86168312102667, 25.861517433175965, 25.86151438880584, 25.86153172754884, 25.86153172754884, 25.86153172754884, 25.86153172754884, 25.86153172754884, 25.861561774750232, 25.86979574118493], "PETKM": [20.04605394063505, 20.04093593508442, 20.04093593508442, 20.04093593508442, 20.04093593508442, 20.04093593508442, 20.04093593508442, 20.04093593508442, 20.04093593508442, 20.04939886355046], "PGSUS": [711.4186035599643, 711.4261729499427, 711.4261729499427, 711.423807731198, 711.423807731198, 711.4265421793092, 711.4240333378722, 711.4206951785346, 711.4139910961222, 711.8274124980962], "SAHOL": [68.33922146346191, 68.34584053749165, 68.34584053749165, 68.3460538656111, 68.34651973355942, 68.34740165791497, 68.34767607693898, 68.34770845422317, 68.34770845422317, 68.37370319124676], "SASA": [35.069002955462885, 35.07760787345549, 35.07757519525067, 35.077515897004474, 35.07753516595354, 35.07753516595354, 35.07780695247958, 35.07780695247958, 35.077487717283475, 35.10593305186963], "SISE": [47.795747478596155, 47.79722315591346, 47.79722315591346, 47.79722315591346, 47.79718810252041, 47.79718810252041, 47.79702468512392, 47.79704590783618, 47.7969571354428, 47.820108860540095], "TAVHL": [117.77839462743077, 117.78880226475185, 117.78959255075434, 117.78976984235474, 117.79096156568733, 117.7899124661789, 117.7901485926861, 117.78935830668361, 117.78935830668361, 117.85543046434138], "TCELL": [60.8446959020362, 60.8546229857198, 60.854459706803276, 60.854459706803276, 60.854459706803276, 60.854611879263196, 60.854871903473445, 60.85501677023975, 60.85501677023975, 60.86226139490512], "THYAO": [246.71206786987378, 246.69826504802202, 246.7011116477046, 246.69954804017962, 246.69826504802202, 246.69826504802202, 246.69917171684713, 246.7017258532924, 246.70061011023617, 246.84684429211438], "TKFEN": [37.41695038570919, 37.416789992336284, 37.416789992336284, 37.416789992336284, 37.41666538267797, 37.41666538267797, 37.41666538267797, 37.41666538267797, 37.41666538267797, 37.42772203558666], "TTKOM": [26.78319454847224, 26.77998539957281, 26.77998539957281, 26.77985718134704, 26.77985718134704, 26.77985718134704, 26.77985718134704, 26.77985718134704, 26.779873913047084, 26.794929224070632], "TUPRS": [139.58254646999853, 139.58791411290488, 139.5868329311789, 139.58667513773733, 139.58774185739563, 139.58671416747708, 139.58585507531504, 139.58531952625336, 139.58531952625336, 139.6206609096951], "VAKBN": [14.599809398326428, 14.60062833332779, 14.60062833332779, 14.60062833332779, 14.600531143284528, 14.600398312696072, 14.600398312696072, 14.600398312696072, 14.600309923352475, 14.604574605644773], "VESTL": [48.37750984872023, 48.369751086330275, 48.36800005416983, 48.36730032982322, 48.36707231917651, 48.36707231917651, 48.367325961477775, 48.36411782034696, 48.38068429492849, 48.3993898022714], "YKBNK": [23.30294717477288, 23.300164593342686, 23.300164593342686, 23.300164593342686, 23.300164593342686, 23.300164593342686, 23.300164593342686, 23.3001639772871, 23.300237817355665, 23.302418290103958]}