{"AKBNK": [40.735703907731825, 40.736146145095695, 40.736146145095695, 40.736146145095695, 40.736146145095695, 40.736285488665345, 40.736285488665345, 40.736285488665345, 40.73638828980693, 40.7611111146546], "ARCLK": [130.071494748238, 130.08467487553924, 130.08252910660107, 130.08355691820444, 130.0850066602214, 130.08419450762085, 130.0869879451446, 130.08567149065024, 130.08600940610447, 130.10928521933863], "ASELS": [47.47835027229464, 47.479307858921764, 47.47929162552558, 47.479020073031904, 47.479020073031904, 47.479020073031904, 47.479020073031904, 47.479020073031904, 47.479126762267846, 47.4937802834632], "BIMAS": [318.2024183086337, 318.2513028565675, 318.25777864313363, 318.25707505685654, 318.2600996425096, 318.25958637211585, 318.2573428078139, 318.25500614267077, 318.25500614267077, 318.23498968400867], "DOHOL": [12.112711325048025, 12.110007974243928, 12.11000270250481, 12.11000270250481, 12.11000270250481, 12.11000270250481, 12.11000270250481, 12.11000270250481, 12.110171555993553, 12.1110465388206], "EKGYO": [8.251059520955994, 8.24999112456151, 8.249904303559717, 8.249904303559717, 8.24999112456151, 8.249808667346885, 8.249895488348676, 8.249895488348676, 8.249808667346885, 8.250858852141748], "EREGL": [45.03593860911371, 45.03822042779075, 45.03822042779075, 45.03814754446123, 45.03814754446123, 45.03787678991907, 45.03787678991907, 45.03790757450801, 45.037908717841326, 45.049875716354585], "FROTO": [767.8474813828924, 767.9321889761954, 767.9446650991708, 767.9439349159699, 767.941240542947, 767.9494472470134, 767.9549441101727, 767.9549441101727, 767.9509787279, 768.2293269499296], "GARAN": [63.79164449697722, 63.79975068137053, 63.79975068137053, 63.79975068137053, 63.79957483340342, 63.79941477627776, 63.799685059701766, 63.799416694304604, 63.79967509016068, 63.818263404880035], "GUBRF": [143.87545981838153, 143.9549227763132, 143.94978783850073, 143.94978783850073, 143.95184069320135, 143.95082716520434, 143.95082716520434, 143.95082716520434, 143.94155982859562, 144.00149867841455], "HALKB": [13.217696149405812, 13.22042865654116, 13.22042865654116, 13.22031010981653, 13.220444815162812, 13.220505352366366, 13.220505352366366, 13.219417453192293, 13.219772243863794, 13.226243792843412], "ISCTR": [25.703511013732683, 25.69889769258657, 25.698702033732264, 25.69889769258657, 25.698725427723634, 25.698845735352773, 25.69915623501062, 25.699017339286684, 25.699017339286684, 25.707153896646886], "KCHOL": [147.06710860205953, 147.0888102235882, 147.08968114828042, 147.08872324458042, 147.08968114828042, 147.09195300094677, 147.09195300094677, 147.09080278641144, 147.09080278641144, 147.11695431439713], "KOZAA": [42.652895259270075, 42.654107166775184, 42.65503060952428, 42.654923465441456, 42.654923465441456, 42.654923465441456, 42.65654114694919, 42.654923465441456, 42.65486774393193, 42.69778513047729], "KOZAL": [19.597441606816503, 19.59896383132022, 19.598956730153187, 19.59895274980519, 19.599001675632273, 19.599001675632273, 19.599001675632273, 19.598941695846158, 19.5992678580551, 19.6158472525098], "KRDMD": [25.420949336254278, 25.41981936153867, 25.419810870963033, 25.419780511225422, 25.419780511225422, 25.419780511225422, 25.419780511225422, 25.419780511225422, 25.41981259567359, 25.429678662990124], "PETKM": [20.106321422136045, 20.100362053857896, 20.100366916800265, 20.100366916800265, 20.100360102711306, 20.100366916800265, 20.100360102711306, 20.100317415126856, 20.100333826793747, 20.108984086251006], "PGSUS": [711.0244047315855, 711.0181169412704, 711.0113137597119, 711.0113137597119, 711.0125849758124, 711.0125946340645, 711.0137097504022, 711.0137194086543, 711.0106432388717, 711.403300518678], "SAHOL": [65.99132763205532, 65.99824112907133, 65.99824112907133, 65.9984041039829, 65.99855582001207, 65.99894788072687, 65.99938703901734, 65.9994462089651, 65.9994462089651, 66.02394117627311], "SASA": [35.77142029509877, 35.77718467362822, 35.777352405849676, 35.777272901617714, 35.777272901617714, 35.777272901617714, 35.77741737346556, 35.777472087890075, 35.777234065828004, 35.80523245983645], "SISE": [48.4581453421164, 48.45679817848617, 48.456589497119104, 48.456589497119104, 48.456589497119104, 48.456589497119104, 48.45727250916209, 48.45727250916209, 48.45750165114831, 48.48101379042031], "TAVHL": [116.97721403060855, 116.99279959081419, 116.99178009942658, 116.99425331011342, 116.99339494188574, 116.99145197681497, 116.99235849897222, 116.99056588291586, 116.99056588291586, 117.05925403325345], "TCELL": [61.49340028215951, 61.504941384262175, 61.504941384262175, 61.504941384262175, 61.504941384262175, 61.50506033020105, 61.505173113264156, 61.505173113264156, 61.50518013022491, 61.51220933920806], "THYAO": [249.94729126377857, 249.90974093041632, 249.90418451373762, 249.90203383313215, 249.90320785288205, 249.90203383313215, 249.90131079828657, 249.90131079828657, 249.90153447071307, 250.04346759373982], "TKFEN": [37.09692290916106, 37.09844911332707, 37.09844911332707, 37.0983160243683, 37.09776015334776, 37.09776015334776, 37.098192448966806, 37.0982413398294, 37.09780904421035, 37.106837957705174], "TTKOM": [27.606891832980978, 27.599986182008138, 27.599986182008138, 27.599847275598496, 27.599847275598496, 27.599847275598496, 27.599847275598496, 27.599847275598496, 27.599847275598496, 27.615799047586908], "TUPRS": [139.68299599351602, 139.68329588110797, 139.68262221533703, 139.68186768335002, 139.68282942370726, 139.68251172301314, 139.68251172301314, 139.68087631688493, 139.68233880444407, 139.71618447925084], "VAKBN": [14.808874709553377, 14.810479868988395, 14.810479868988395, 14.810479868988395, 14.810359753787353, 14.810359753787353, 14.810359753787353, 14.810359753787353, 14.810270176754964, 14.815182911080024], "VESTL": [48.640345282924706, 48.63066954528437, 48.63041243546862, 48.63031481073559, 48.63032427415717, 48.63032427415717, 48.63003469787867, 48.625687471187064, 48.641465531088905, 48.65875948361369], "YKBNK": [23.56291497105578, 23.560368974655773, 23.560361168708102, 23.560361168708102, 23.560361168708102, 23.560361168708102, 23.560361168708102, 23.560361168708102, 23.560437475168964, 23.56351500057075]}