{"AKBNK": [36.776337736390026, 36.77764603147139, 36.77764603147139, 36.77764603147139, 36.77764603147139, 36.77762664115238, 36.77762664115238, 36.7777740442111, 36.777788537272635, 36.80020701539875], "ARCLK": [127.95910837942533, 127.99347359527265, 127.99347359527265, 127.99322787206866, 127.99322787206866, 127.99322787206866, 127.9946456061404, 127.9946456061404, 127.9946456061404, 128.01081504559082], "ASELS": [47.43840115723086, 47.439528431975, 47.439813952687096, 47.43962211354619, 47.43962211354619, 47.43962211354619, 47.43962211354619, 47.43962211354619, 47.43979609735343, 47.45311497557822], "BIMAS": [307.1976978922824, 307.22705289454996, 307.236848730917, 307.2379591710385, 307.2385677046372, 307.23855776681245, 307.24165036946545, 307.2380812456625, 307.23692730391014, 307.22590555300644], "DOHOL": [11.92159153208656, 11.919705082493882, 11.919765591537276, 11.919762974812379, 11.919762974812379, 11.919762974812379, 11.919762974812379, 11.919762974812379, 11.920084384513842, 11.921143235935764], "EKGYO": [7.640317265324949, 7.639892039342097, 7.6398882938025166, 7.6398882938025166, 7.6398882938025166, 7.6398882938025166, 7.6398882938025166, 7.639822803384053, 7.639858399831927, 7.640704317259822], "EREGL": [42.61371173938729, 42.620126028997845, 42.620126028997845, 42.62005389811298, 42.61991358560082, 42.61991358560082, 42.61991358560082, 42.61991358560082, 42.61995138029891, 42.62757550669499], "FROTO": [745.2770234794033, 745.467493011109, 745.4667224092136, 745.4667224092136, 745.4686419761603, 745.4781801400826, 745.4822181053163, 745.4781801400826, 745.4817842053068, 745.6769974956991], "GARAN": [57.39525344439816, 57.398070702113294, 57.3982802121437, 57.3982802121437, 57.39810845287065, 57.397467952862456, 57.39779822989069, 57.39740040244708, 57.3975567012131, 57.411944639164666], "GUBRF": [152.63697746090125, 152.68552359786992, 152.67809254244966, 152.6728444306061, 152.6791942186567, 152.67394610681313, 152.67461128716664, 152.67503545212432, 152.66426508879618, 152.72874165625254], "HALKB": [12.14820120818119, 12.149936013307938, 12.149936013307938, 12.149954456697776, 12.150046957059475, 12.150101616666445, 12.150183049259686, 12.14932266638983, 12.149555894313977, 12.155800214753604], "ISCTR": [23.185587236752895, 23.18062001593846, 23.18040347087975, 23.180240050764453, 23.180565258547816, 23.18068440644764, 23.180777141389157, 23.180664398336816, 23.180780241251394, 23.187815397747425], "KCHOL": [142.07324844048404, 142.09354483738852, 142.09533283584457, 142.09533283584457, 142.09533283584457, 142.09521786898597, 142.09689544618823, 142.094875176592, 142.094875176592, 142.1180689687065], "KOZAA": [42.99068834687994, 42.994324423645615, 42.996730372638716, 42.996730372638716, 42.99671084336885, 42.99718040815739, 42.996808562690056, 42.99637930088041, 42.99716995198619, 43.036967301777004], "KOZAL": [19.647301516009023, 19.649170613228957, 19.649419001295907, 19.649419001295907, 19.649623412027534, 19.649623412027534, 19.649623412027534, 19.649623412027534, 19.649921574925145, 19.665938505204558], "KRDMD": [24.899094364440657, 24.8997228725776, 24.899893542800196, 24.899729868223957, 24.899729868223957, 24.899729868223957, 24.899729868223957, 24.899729868223957, 24.899901916212922, 24.907495539588258], "PETKM": [19.435684549537736, 19.43034751793869, 19.43034751793869, 19.43034751793869, 19.43034751793869, 19.430353002033403, 19.430353002033403, 19.430248798931878, 19.430376615026727, 19.438800567006016], "PGSUS": [708.5477134571811, 708.5346947321746, 708.5346947321746, 708.5302213596782, 708.5302213596782, 708.5302213596782, 708.5304888414594, 708.5263479067336, 708.5263479067336, 708.878951982785], "SAHOL": [59.98896387030362, 59.99490840995046, 59.99490840995046, 59.99529318355747, 59.99529318355747, 59.995687065720624, 59.996119086744024, 59.99616924625973, 59.99616924625973, 60.018098016744545], "SASA": [36.41246843539887, 36.41999905942786, 36.41967094948191, 36.4196618155866, 36.41889726902121, 36.41889726902121, 36.41889726902121, 36.41889726902121, 36.41889726902121, 36.446301496976474], "SISE": [45.79519159556357, 45.797508952553365, 45.797508952553365, 45.797508952553365, 45.797746450227656, 45.797746450227656, 45.797746450227656, 45.797767275298945, 45.79780260976085, 45.817923767721425], "TAVHL": [113.98482829789869, 113.99503873078562, 113.99845471449952, 113.99845471449952, 113.99861894246244, 113.99748268736523, 113.99744123499165, 113.9962091765397, 113.9977845944175, 114.05426104409712], "TCELL": [61.24731418706011, 61.251326482739124, 61.251340388589114, 61.251340388589114, 61.251340388589114, 61.25160528789534, 61.251724403755965, 61.251724403755965, 61.25174090861399, 61.263103130607675], "THYAO": [239.22147775814028, 239.2138725968947, 239.21619066749108, 239.21619066749108, 239.2156946557393, 239.2156946557393, 239.2156946557393, 239.21357712953736, 239.21437142092293, 239.34294408723449], "TKFEN": [36.81344014996572, 36.81855261431365, 36.81855261431365, 36.81877565863914, 36.81865298821236, 36.81868659326607, 36.81868659326607, 36.81868659326607, 36.81868659326607, 36.828827465327414], "TTKOM": [26.66629533674556, 26.660319838909444, 26.6603119143559, 26.65983878044869, 26.65983878044869, 26.65983878044869, 26.65983878044869, 26.65983878044869, 26.65983878044869, 26.673913265985515], "TUPRS": [143.79457685676718, 143.78375613777956, 143.7834393641582, 143.7837364433852, 143.78339281799035, 143.78233419192932, 143.7832281894429, 143.77940962904395, 143.7797241028908, 143.8211239381448], "VAKBN": [14.30116312350261, 14.300617912417655, 14.300726534651291, 14.300726534651291, 14.300615867730293, 14.300487276278064, 14.300487276278064, 14.300487276278064, 14.300400583632742, 14.304456058422813], "VESTL": [47.27401480774635, 47.27310489007971, 47.27189615999283, 47.27194940034561, 47.271564050078645, 47.271564050078645, 47.27168736568692, 47.26615784522708, 47.28178584901716, 47.29909818191906], "YKBNK": [20.00165537857594, 19.99980431758908, 19.99980431758908, 19.99980431758908, 19.99980431758908, 19.99980431758908, 19.99980431758908, 19.999699644166466, 19.999755695170762, 20.00273182967576]}