{"AKBNK": [36.53352056431527, 36.536682264989004, 36.536682264989004, 36.536682264989004, 36.536682264989004, 36.53687978864988, 36.53687978864988, 36.53687978864988, 36.536893303848764, 36.558122954156495], "ARCLK": [128.3755804833973, 128.39991655027305, 128.39991655027305, 128.3991731619379, 128.3991731619379, 128.3994696640972, 128.40003843773218, 128.40003843773218, 128.4003400221346, 128.42050705908545], "ASELS": [46.90017307805592, 46.89970801945722, 46.90022537460501, 46.89986534591963, 46.89986534591963, 46.89986534591963, 46.89986534591963, 46.89986534591963, 46.899946125048245, 46.913828393959996], "BIMAS": [300.90000045698804, 300.983789360854, 300.98849087559216, 300.9917285879067, 300.99238118361404, 300.9945974349319, 300.99576016993586, 300.9947373125144, 300.9946890039026, 300.9893358642084], "DOHOL": [11.3424652538053, 11.339703030219786, 11.339840788877416, 11.339840200495395, 11.339743424796742, 11.339840200495395, 11.339840200495395, 11.339840200495395, 11.340041354178135, 11.341030131426647], "EKGYO": [7.150939942651401, 7.149878858492692, 7.149935315956718, 7.149935315956718, 7.149935315956718, 7.149935315956718, 7.149935315956718, 7.149935315956718, 7.149939948820237, 7.150910594011557], "EREGL": [42.25299393858216, 42.258112377507636, 42.258112377507636, 42.25799222218044, 42.25836403166809, 42.25836403166809, 42.258171084350174, 42.258171084350174, 42.258178032812445, 42.270488669082276], "FROTO": [764.881850417113, 764.9130523517844, 764.9509999408871, 764.944150684309, 764.926398621055, 764.9517536286086, 764.9586028851868, 764.9407278109339, 764.9248556035059, 765.198821382101], "GARAN": [58.84580108115474, 58.846465683002954, 58.84646254748558, 58.84646254748558, 58.84627580612314, 58.84612797413924, 58.84603182791201, 58.84621953469398, 58.84647398654863, 58.86458947440037], "GUBRF": [168.97243674127694, 168.99235852266688, 169.0101365540836, 169.0101365540836, 169.01135504602698, 169.01135504602698, 168.9988348923847, 168.99863839101548, 169.0060392567341, 169.07816000932687], "HALKB": [11.997803293905221, 11.999810765508718, 11.999839347784393, 11.999638012147846, 11.999849622766325, 11.99978846152173, 11.999936232430215, 11.99885939539196, 11.999117953843752, 12.005482630946664], "ISCTR": [23.442273802382005, 23.43983332015037, 23.439814768101343, 23.439814768101343, 23.440067585470803, 23.43984009743153, 23.43993391940229, 23.439835709410797, 23.440144524850297, 23.448016899710037], "KCHOL": [142.87263031317983, 142.88754295919486, 142.88958394938177, 142.89014689897627, 142.88936484817717, 142.8925310089245, 142.892186332222, 142.89355474556513, 142.8914941350794, 142.91508296065092], "KOZAA": [43.173561616438086, 43.177323194028105, 43.17648806759143, 43.17675861775091, 43.176712903010404, 43.17573672378163, 43.17638105470932, 43.17638105470932, 43.17747359047028, 43.22085814033985], "KOZAL": [19.907280200258906, 19.909697152083357, 19.9098513055993, 19.909846568389963, 19.909846568389963, 19.90963485361898, 19.909751122397342, 19.909478861969433, 19.909737491260206, 19.926993214090515], "KRDMD": [25.1995141701676, 25.199656470588717, 25.199650432577126, 25.199659465744503, 25.199615754631726, 25.199615984702675, 25.199615984702675, 25.199615984702675, 25.19983768034301, 25.209839513091268], "PETKM": [18.682584517994254, 18.68016444540248, 18.68016444540248, 18.68016444540248, 18.68016444540248, 18.68016444540248, 18.68016444540248, 18.680071705075566, 18.68012273586304, 18.689128754549397], "PGSUS": [669.4311873966557, 669.4493373185745, 669.4493373185745, 669.4520198486763, 669.4494612775592, 669.4494612775592, 669.4494612775592, 669.4494612775592, 669.4494612775592, 669.7958043799446], "SAHOL": [60.685978523112134, 60.69607356903447, 60.69607356903447, 60.696483411676304, 60.696483411676304, 60.69626582034956, 60.69628807774336, 60.69632232262714, 60.69632232262714, 60.719550094619876], "SASA": [36.45116748780105, 36.456214736283776, 36.45593848198533, 36.45640354948142, 36.45575616935423, 36.45530492084344, 36.45575616935423, 36.45530492084344, 36.455319789314196, 36.48322649116262], "SISE": [46.150185364003555, 46.157425382592635, 46.157425382592635, 46.1571891678318, 46.1571891678318, 46.1571891678318, 46.1573096291007, 46.1573096291007, 46.157660022570745, 46.179255234688675], "TAVHL": [108.0605575216051, 108.08788643069134, 108.08876509645857, 108.08876509645857, 108.08853369412743, 108.08716860155516, 108.08678162011643, 108.0873588698219, 108.0884798738045, 108.15564180667634], "TCELL": [58.60063550596532, 58.60240444295156, 58.60240444295156, 58.60240444295156, 58.602859704254364, 58.602792880783674, 58.60341343132293, 58.60311142909236, 58.603127774132666, 58.611904362417135], "THYAO": [236.42033440499833, 236.41618675825603, 236.41552769371472, 236.41349379256744, 236.41552769371472, 236.41361195040648, 236.40714559625562, 236.40543595102255, 236.41361195040648, 236.54361905162534], "TKFEN": [36.892388686135824, 36.89835271351088, 36.89835271351088, 36.89835271351088, 36.89803869163722, 36.89803869163722, 36.89832418105868, 36.89832418105868, 36.89804899378771, 36.90687636061475], "TTKOM": [24.961846690574863, 24.95981043056936, 24.95981043056936, 24.959646072028807, 24.959646072028807, 24.959646072028807, 24.959646072028807, 24.959646072028807, 24.95985972542726, 24.973845113301508], "TUPRS": [143.99013976473785, 143.98725274070298, 143.9882129670103, 143.98759950174676, 143.98760402980528, 143.98831998875988, 143.98831998875988, 143.98735976245254, 143.98735976245254, 144.02987890573726], "VAKBN": [13.058539678968865, 13.06018839210889, 13.06033378028323, 13.060288218847724, 13.06015384174601, 13.060035686666367, 13.060081248101875, 13.060035686666367, 13.060081248101875, 13.064583593169276], "VESTL": [46.57079276935085, 46.572412028616064, 46.57112841583669, 46.570797238717, 46.57066874274438, 46.570586922491906, 46.570631542956335, 46.567000182613604, 46.58079847618651, 46.598207397297955], "YKBNK": [19.761544444595767, 19.76003524329749, 19.760028497785086, 19.760028497785086, 19.760028497785086, 19.760028497785086, 19.760028497785086, 19.759924965064087, 19.76002978573254, 19.762784330380853]}