{"AKBNK": [40.435389430494716, 40.436427424387865, 40.436427424387865, 40.436427424387865, 40.436427424387865, 40.436564215077915, 40.436564215077915, 40.436564215077915, 40.43672387074709, 40.46169729874948], "ARCLK": [131.97037923557244, 131.9838883541211, 131.98445587769365, 131.98445587769365, 131.98487696790002, 131.98487696790002, 131.98487696790002, 131.98487696790002, 131.9860403842466, 132.01669205124776], "ASELS": [47.63682746312068, 47.64012951620964, 47.64038156544806, 47.64018893422684, 47.64018893422684, 47.64018893422684, 47.64018893422684, 47.64018893422684, 47.64024571941268, 47.6548213586645], "BIMAS": [318.95108064431884, 318.99633528990097, 319.0028738200216, 319.00719547522164, 319.0055479787001, 319.00432451693814, 319.0110578852828, 319.0010485663541, 318.9997580056293, 318.9828349269265], "DOHOL": [11.961968753589614, 11.960079089105497, 11.95998586194901, 11.960067312335875, 11.960067312335875, 11.960067312335875, 11.95998586194901, 11.95998586194901, 11.959989125134731, 11.960764940004223], "EKGYO": [7.941376897607392, 7.94001082966621, 7.940008860386274, 7.940008860386274, 7.940008860386274, 7.940008860386274, 7.940008860386274, 7.940038210276512, 7.939993906255562, 7.940818073827706], "EREGL": [43.33597843385521, 43.33898664525222, 43.33898409839865, 43.33891030248103, 43.33909160315778, 43.33909160315778, 43.33909160315778, 43.33909160315778, 43.339280008264915, 43.34999285338841], "FROTO": [773.4077085429517, 773.4883504127673, 773.51287945184, 773.51287945184, 773.5130113241042, 773.5130113241042, 773.5130113241042, 773.5163872133006, 773.5163872133006, 773.7346017185895], "GARAN": [62.091162249075104, 62.099622975280006, 62.09935945041787, 62.09952054571187, 62.09952054571187, 62.09979214412416, 62.09979214412416, 62.100197916348215, 62.100224258598075, 62.11671859759277], "GUBRF": [151.31473658562211, 151.36703606584732, 151.36810283132738, 151.3621435488749, 151.37229432079877, 151.3579520594035, 151.3579520594035, 151.34974094288495, 151.3438308502232, 151.40494898859032], "HALKB": [12.537617689942353, 12.539719963074853, 12.539791828828461, 12.539983368304448, 12.540213724740843, 12.540153334998273, 12.540304553136773, 12.539033156963063, 12.539363179272302, 12.54595114997729], "ISCTR": [25.30530602833609, 25.300868609634943, 25.3007635102049, 25.3007635102049, 25.301012936719502, 25.301012936719502, 25.300938083615076, 25.300769105990042, 25.301061701260945, 25.308592337373188], "KCHOL": [145.2752967202221, 145.29315720930933, 145.29494968571785, 145.29494968571785, 145.2959574975264, 145.29670492641858, 145.29670492641858, 145.29752890191745, 145.29752890191745, 145.32147337560178], "KOZAA": [42.945753334278145, 42.950106631867676, 42.951341596674524, 42.9514878547398, 42.9500135545363, 42.95064447837698, 42.95064447837698, 42.950783002082744, 42.95082921140513, 42.99864697621869], "KOZAL": [19.77656034014307, 19.779193632143407, 19.779191832973193, 19.779191832973193, 19.779191832973193, 19.779191832973193, 19.77930404017241, 19.77930404017241, 19.77992635713124, 19.79628939948365], "KRDMD": [25.53927966676078, 25.541076148539542, 25.541035846551427, 25.541037187524605, 25.541037187524605, 25.541037187524605, 25.541037187524605, 25.541037187524605, 25.541066665057357, 25.55012734126592], "PETKM": [20.407756008027576, 20.40075152376059, 20.40075152376059, 20.40075152376059, 20.40075152376059, 20.400751932533122, 20.400751932533122, 20.400600196259337, 20.400642787371197, 20.409785126420623], "PGSUS": [713.5145327497179, 713.4984849960565, 713.4984849960565, 713.4960013960863, 713.4960013960863, 713.4939800988697, 713.4939800988697, 713.4866095886945, 713.4790405902792, 713.8978477001396], "SAHOL": [62.1874255182367, 62.19534964349209, 62.19534964349209, 62.195660902929895, 62.195660902929895, 62.19679781105953, 62.19760188188761, 62.19717691872649, 62.19717691872649, 62.220846461218116], "SASA": [36.91033871762144, 36.91698809578812, 36.91664350734011, 36.916822766151434, 36.916822766151434, 36.916822766151434, 36.916822766151434, 36.916822766151434, 36.91684574844933, 36.94508357923988], "SISE": [47.9774752742047, 47.97771931289438, 47.97725119931531, 47.97725119931531, 47.97725119931531, 47.97725119931531, 47.97759593990716, 47.97759593990716, 47.97759593990716, 48.00104171570711], "TAVHL": [114.57370871376732, 114.59291994296008, 114.59276951471195, 114.59328224641445, 114.5932645772718, 114.59190097520666, 114.59190097520666, 114.58773611208521, 114.59093032594767, 114.65124221435508], "TCELL": [62.1013089229653, 62.10013293109457, 62.10013293109457, 62.10013293109457, 62.10013293109457, 62.10013293109457, 62.100246796249735, 62.100246796249735, 62.10039729519671, 62.1126073018587], "THYAO": [242.62807823879496, 242.60623254229378, 242.6081893363055, 242.6081893363055, 242.60735256829113, 242.6081893363055, 242.6081893363055, 242.60546039970282, 242.60732948159645, 242.74276074392355], "TKFEN": [37.535469113359966, 37.53789239048726, 37.53785459752685, 37.53811251895471, 37.537400287926054, 37.53762041639351, 37.53762041639351, 37.53736249496564, 37.53714236649818, 37.547446796687446], "TTKOM": [26.505206635430966, 26.50012831875232, 26.50012831875232, 26.500121348238157, 26.500121348238157, 26.500121348238157, 26.500121348238157, 26.500121348238157, 26.500121348238157, 26.515352887590684], "TUPRS": [139.97724457040093, 139.97667430443468, 139.97722071451906, 139.97738490060405, 139.97738932820673, 139.97707095029705, 139.97707095029705, 139.97368379007492, 139.97707589922086, 140.01867570346326], "VAKBN": [14.899240118976712, 14.90100259783725, 14.901115475955464, 14.901115475955464, 14.901000482499471, 14.901000482499471, 14.901000482499471, 14.901000482499471, 14.900910396457604, 14.904338474401277], "VESTL": [47.998731955308386, 47.991641444542694, 47.99126862272009, 47.99067813167354, 47.99046010096303, 47.99099879995134, 47.99071367249518, 47.985996950470785, 48.001632527640425, 48.01821295430315], "YKBNK": [22.002119797016302, 22.000506917942392, 22.000506917942392, 22.000506917942392, 22.000506917942392, 22.000506917942392, 22.000506917942392, 22.000506917942392, 22.000617061631548, 22.002968857421536]}