{"AKBNK": [35.33239131256899, 35.334722053093174, 35.334722053093174, 35.334722053093174, 35.334722053093174, 35.334788738520054, 35.334733511909114, 35.334918521873576, 35.33518431396763, 35.35807052582566], "ARCLK": [126.06044029115274, 126.08690671523446, 126.08690671523446, 126.08641909223736, 126.08641909223736, 126.08641909223736, 126.0868036796362, 126.0868036796362, 126.08697003450779, 126.10389369573636], "ASELS": [46.59876483969149, 46.5999731638172, 46.60006078980418, 46.59987227740063, 46.59987227740063, 46.59987227740063, 46.59987227740063, 46.59987227740063, 46.59997449690195, 46.6120944908351], "BIMAS": [292.13169568773714, 292.211894577701, 292.21959212155656, 292.22293939763387, 292.2244541441478, 292.22421571986115, 292.225862651306, 292.225862651306, 292.2247441806572, 292.23775925712835], "DOHOL": [11.382067507834, 11.379946820204339, 11.379853896624718, 11.379853896624718, 11.379853896624718, 11.379853896624718, 11.379853896624718, 11.379853896624718, 11.380032875958245, 11.381324700900665], "EKGYO": [6.880279408159339, 6.879804885956877, 6.879804885956877, 6.879804885956877, 6.879804885956877, 6.879804885956877, 6.879804885956877, 6.879804885956877, 6.879835467455074, 6.880632866063697], "EREGL": [41.310691500782404, 41.319150774966765, 41.319146589887694, 41.319150774966765, 41.319150774966765, 41.319150774966765, 41.319150774966765, 41.319150774966765, 41.319242422963626, 41.32998814954376], "FROTO": [739.7894621583988, 739.9159915705594, 739.9213608628903, 739.9290884859387, 739.9291204894938, 739.9352149516054, 739.9279747650835, 739.9319280373575, 739.9333293919972, 740.2158914097927], "GARAN": [56.48945430968149, 56.49540818973757, 56.49540818973757, 56.49539143618452, 56.49522105829993, 56.49507903017122, 56.4955604524298, 56.495741170248984, 56.495261704190504, 56.51321676000214], "GUBRF": [163.28538041529183, 163.34438345732084, 163.3493842865428, 163.3493842865428, 163.3493842865428, 163.3595854984613, 163.36974044095427, 163.35440893154964, 163.34838595613573, 163.50129247626586], "HALKB": [11.587060591083551, 11.589148585773302, 11.589148585773302, 11.589506327510021, 11.589817926489701, 11.589922188652066, 11.589919555548065, 11.589062191575728, 11.589332511002462, 11.595666230376915], "ISCTR": [22.442965094488713, 22.43860303832166, 22.43860303832166, 22.438683697666264, 22.43908238052514, 22.43886533466362, 22.438784675319017, 22.43879584309295, 22.439034691007947, 22.447321251620536], "KCHOL": [138.6703248338127, 138.69587034835908, 138.69862819139192, 138.69922216936064, 138.6996576321843, 138.699969188241, 138.69937521027228, 138.69943611653028, 138.69964281038435, 138.71763147198578], "KOZAA": [41.88432344478726, 41.894215030100675, 41.895232688834106, 41.8950314932325, 41.8950314932325, 41.894747587015125, 41.894747587015125, 41.894747587015125, 41.89476635941568, 41.93883111894018], "KOZAL": [19.216661642063922, 19.21991069370532, 19.219894133378904, 19.21989090413028, 19.21989090413028, 19.219949504780615, 19.219949504780615, 19.219949504780615, 19.220346410035194, 19.23563526148683], "KRDMD": [24.176763695164585, 24.179090101334705, 24.17904252769598, 24.179011621771988, 24.179011621771988, 24.179011621771988, 24.179011621771988, 24.179011621771988, 24.179288362212148, 24.1868840162729], "PETKM": [18.15350776284342, 18.149639449980253, 18.14976098410747, 18.14976098410747, 18.14976098410747, 18.14977307163291, 18.14977307163291, 18.14970537789111, 18.14970537789111, 18.158561246254383], "PGSUS": [649.391228751019, 649.4565576326108, 649.462261066965, 649.4601016640804, 649.4601016640804, 649.4601016640804, 649.4567334540249, 649.4567334540249, 649.4567334540249, 649.8327614653439], "SAHOL": [58.93102460371699, 58.946193878748566, 58.946193878748566, 58.946607494246756, 58.946607494246756, 58.94686074236416, 58.94731694999308, 58.947536564129386, 58.947536564129386, 58.96839351453977], "SASA": [35.347448041066315, 35.35822680626564, 35.358444391744165, 35.358593502235486, 35.358593502235486, 35.358249196281825, 35.358249196281825, 35.35839738082128, 35.358447768519675, 35.38563738197084], "SISE": [44.52792391898256, 44.535179080830744, 44.535179080830744, 44.535179080830744, 44.535179080830744, 44.535179080830744, 44.535179080830744, 44.535179080830744, 44.535179080830744, 44.55892106825385], "TAVHL": [109.76921391895037, 109.78872577737953, 109.78872577737953, 109.78942446392894, 109.78870486833648, 109.78843057044412, 109.78843057044412, 109.78843057044412, 109.78843057044412, 109.85596324133284], "TCELL": [57.6949156999735, 57.7029072860253, 57.7029072860253, 57.7029072860253, 57.7029072860253, 57.7030305437494, 57.70313786466935, 57.70313786466935, 57.70313786466935, 57.71329125923743], "THYAO": [230.07395821717674, 230.10399540099536, 230.10562229317136, 230.10461060553848, 230.10407735171054, 230.10407735171054, 230.10417459609803, 230.10417459609803, 230.10879721516994, 230.24104477882238], "TKFEN": [35.87057738566177, 35.87766503526489, 35.87766503526489, 35.87766503526489, 35.877517473827346, 35.877517473827346, 35.877517473827346, 35.877517473827346, 35.877517473827346, 35.88736997967148], "TTKOM": [24.96529656969354, 24.959641088238637, 24.959641088238637, 24.95953989522559, 24.95953989522559, 24.95953989522559, 24.95953989522559, 24.95953989522559, 24.95953989522559, 24.974595907135935], "TUPRS": [140.47155522986182, 140.48286720573662, 140.48368870535663, 140.48363250383304, 140.48210187584212, 140.48185246717767, 140.4800048433941, 140.48028129334213, 140.48096845792557, 140.52439704259595], "VAKBN": [13.009977642432496, 13.010347076906422, 13.010446548988211, 13.010446548988211, 13.010265134218159, 13.01014739995999, 13.01014739995999, 13.01014739995999, 13.01014739995999, 13.014044917219474], "VESTL": [44.88453438696862, 44.88863173273892, 44.88821702548761, 44.88801236932259, 44.887806199582634, 44.887806199582634, 44.88754684418203, 44.88255355563109, 44.89945593655307, 44.91965809162286], "YKBNK": [19.3921645227321, 19.3905738732645, 19.390564910725317, 19.390564910725317, 19.390564910725317, 19.390564910725317, 19.390564910725317, 19.39046313658598, 19.39048478448544, 19.39251459856477]}